Região,Nome,Data Início,Data Fim,Freguesia,Concelho,Distrito,Descrição
beira_litoral,Cortejo dos Reis,06-01-2024,06-01-2024,Talhadas,Sever do Vouga,Aveiro,com pequeno auto teatral e leilão das ofertas
beira_litoral,Festa de S. Gonçalinho (S. Gonçalo de Amarante,10-01-2024,10-01-2024,Aveiro,,,"junto à capela e do alto da mesma, lançamento de cavacas ao povo. Dança dos mancos, pequena comédia interpretada por homens. Música e danças pelas ruas."
beira_litoral,Festas de Nossa São Brás:enhora da Purificação e de São Brás,04-02-2024,04-02-2024,Vila Chã,Vale de Cambra,Porto,"Brás: Procissão das velas dedicada à Senhora da Purificação ou Senhora das Candeias, devoção muito expandida pelo país, cujo dia é o 2 de Fevereiro: Feira de gastronomia e dos grelos."
beira_litoral,Romaria dos Santos Mártires,07-01-2024,07-01-2024,Travassô,Águeda,Aveiro,"Procissão dos Nus, antigamente composta por fiéis amortalhados em cumprimento das suas promessas: No dia seguinte, nova procissão, em que as crianças passam por debaixo do andor de Santa Clara, para não se atrasarem no falar."
beira_litoral,Festa das Fogaceiras,20-01-2024,20-01-2024,Santa Maria da Feira,Santa Maria da Feira,Aveiro,"importantíssima romaria celebrando S. Sebastião. Na procissão, meninas de branco levam as fogaças à cabeça."
beira_litoral,Festa de São Sebastião,20-01-2024,20-01-2024,Avanca,Estarreja,Aveiro,
beira_litoral,cortejo muito concorrido,Carnaval,Carnaval,Vale de Ílhavo,Ílhavo,Aveiro,
beira_litoral,,sem data,sem data,,,,"Góis, Carnaval"
beira_litoral,desfile com escolas de samba,Carnaval,Carnaval,Estarreja,Estarreja,Aveiro,Batalha de Flores
beira_litoral,procissão dos passos,25-02-2024,25-02-2024,Ovar,Ovar,Aveiro,
beira_litoral,Queima do Judas,Sábado da Aleluia,Sábado da Aleluia,Travassô,Águeda,Aveiro,com um entremês popular de sátira local
beira_litoral,Festa da Senhora da Graça,2ª feira de Páscoa,2ª feira de Páscoa,Assequins,Águeda,Aveiro,"Erguer do mastro ou pau, revestido de verduras, no adro da capela da Senhora da Graça, que aí permanecerá até à noite de S: João, em cuja noite será queimado: O mastro é um pinheiro dos mais altos que deverá, segundo a tradição, ser roubado dos pinhais pelos mancebos antes de cumprirem o serviço militar, promessa à santa para que voltem vivos da guerra: O “pau” é erguido da parte da tarde, após as merendas, com a ajuda de todos, ao som da banda filarmónica."
beira_litoral,Romaria das Almas da Areosa,07-04-2024,07-04-2024,Aguada de Cima,Águeda,Aveiro,Procissão dos Romeiros em direcção à Igreja Matriz.
beira_litoral,Romaria de São Jorge,Cantanhede,Cantanhede,Escapães,Sepins,Coimbra,
beira_litoral,Festa de Nossa Senhora dos Milagres,07-04-2024,07-04-2024,Cernache,Coimbra,Coimbra,
beira_litoral,Festa da Senhora da Piedade,terceiro domingo depois da Páscoa,terceiro domingo depois da Páscoa,Lousã,Lousã,Coimbra,Procissão solene entre o santuário e a Igreja Matriz: Procissão das velas: Cantares ao desafio ao som das concertinas.
beira_litoral,Festa da Rainha Santa Mafalda,02-05-2024,02-05-2024,Arouca,Arouca,Aveiro,"Filha de D: Sancho I, é a padroeira de Arouca, pelo que se justifica que o sei dia seja o feriado municipal: Procissão solene."
beira_litoral,Festas de Santa Joana ou festas da cidade,12-05-2024,12-05-2024,Aveiro,,,"Era filha de D: Afonso V e ficou conhecida pela sua extrema bondade: Procissão dos Irmãos de Santa Joana e missa solene na Sé: À tarde, procissão de Santa Joana com a irmandade vestida à época: Desfile de barcos moliceiros."
beira_litoral,Festa do Espírito Santo,19-05-2024,19-05-2024,Espírito Santo,Soure,Coimbra,
beira_litoral,,sem data,sem data,,,,"Santo António dos Olivais, Coimbra, Romaria do Espírito Santo. Importante romaria das Beiras, provavelmente proveniente dos antigos Impérios do Espírito Santo, ainda hoje pertinentes no arquipélago açoreano. Grande parque de diversões."
beira_litoral,Festas do Espírito Santo e Romaria de Nossa Senhora de Vagos. Romaria. Bodo da Senhora,Domingo do Espírito Santo (e segunda-feira),Domingo do Espírito Santo (e segunda-feira),Vagos,Vagos,Aveiro,distribuição de pães bentos aos romeiros (pão de Cantanhede). Arraial no domingo e 2ª feira.
beira_litoral,Festa de São Sebastião,02-06-2024,02-06-2024,Águeda,Águeda,Aveiro,Sebastião.
beira_litoral,Festa de Santo António,13-06-2024,13-06-2024,Vila Pouca,Cernache,Coimbra,"Os rapazes montam a cavalo, vão à vila em cavalhada “dar a volta” e regressam ao adro da igreja, onde os esperam as moças, namoradas e pretendidas: Distribuição dos bolos de festa, as “rosquilhas” e os “corações”."
beira_litoral,Festa de São João,24-06-2024,24-06-2024,Praia da Tocha,Cantanhede,Coimbra,João: Banho santo.
beira_litoral,Feira anual de São João,24-06-2024,24-06-2024,Lousã,Lousã,Coimbra,João: Feriado municipal.
beira_litoral,Festa de São João,24-06-2024,24-06-2024,Figueira da Foz,Figueira da Foz,Coimbra,João: Banho santo.
beira_litoral,Festa e feira de São Pedro,29-06-2024,29-06-2024,Palhaça,Oliveira do Bairro,Viseu,Pedro.
beira_litoral,Festas da Rainha Santa,07-06-2024,07-06-2024,Coimbra,Coimbra,Coimbra,"Procissão de penitência e procissão de Louvor: À saída da igreja, o andor que transporta a urna recebe uma chuva de pétalas de rosa, alusão ao célebre milagre das rosas: Parte profana com múltiplas manifestações de concertos musicais populares e espectáculos."
beira_litoral,Romaria de São Tomé,25-07-2024,25-07-2024,Ançã,Cantanhede,Coimbra,"(protector dos animais e das colheitas) e S: Tiago: Cortejo desde a casa do juiz da festa até à Capela de S: Bento: Seguem a cavalo o juiz e o anjo, um menino vestido de menina: Bênção do gado."
beira_litoral,Festas da Padroeira,28-07-2024,28-07-2024,Pombal,Carrazeda de Ansiães,Bragança,
beira_litoral,Festa de Nossa Senhora de la Salette,04-08-2024,04-08-2024,Oliveira de Azeméis,Oliveira de Azeméis,Aveiro,Procissão do Triunfo descendo do santuário em direcção à vila.
beira_litoral,Festa de Nossa Senhora da Boa Viagem,04-08-2024,04-08-2024,Esmoriz,Ovar,Aveiro,Procissão com bênção do mar.
beira_litoral,Romaria do Divino Senhor da Serra,15-08-2024,15-08-2024,Semide,Miranda do Corvo,Coimbra,
beira_litoral,Festa de Nossa Senhora da Saúde,15-08-2024,15-08-2024,Fermentelos,Águeda,Aveiro,"Procissão das Velas, seguida de fogo-preso."
beira_litoral,Senhora do Pranto,15-08-2024,15-08-2024,Dornes,Ferreira do Zêzere,Santarém,
beira_litoral,Senhora da Saúde,15-08-2024,15-08-2024,Vale de Cambra,Vale de Cambra,Aveiro,
beira_litoral,Senhora da Piedade,01-09-2024,01-09-2024,Furadouro,Ovar,Coimbra,Festa dos pescadores.
beira_litoral,Festa do Senhor do Calvário,01-09-2024,01-09-2024,Macieira de Cambra,Vale de Cambra,Aveiro,
beira_litoral,Romaria de São Paio,08-09-2024,08-09-2024,Torreira,Murtosa,Aveiro,da Torreira: Rusgas e danças populares na noitada: Regata de moliceiros.
beira_litoral,Festa municipal,08-09-2024,08-09-2024,Montemor-o-Velho,Montemor-o-Velho,Coimbra,Feira anual: Feira do cavalo.
beira_litoral,Festas de Nossa Senhora do Pranto,15-09-2024,15-09-2024,Podentes,Penela,Coimbra,"Círio de Podentes à Senhora do Pranto, em Dores, Ferreira do Zêzere."
beira_litoral,Festas de São Mateus,21-09-2024,21-09-2024,Soure,Soure,Coimbra,(romaria e feira franca): Grande romaria que reune no Monte de S: Mateus muito povo das redondezas: Feira da madeira e do artesanato: O dia 21 é feriado municipal: Piquenique popular no parque de merendas.
beira_litoral,Festa da Senhora do Rosário,06-10-2024,06-10-2024,Aguada de Cima,Águeda,Aveiro,com bodo de tremoços
beira_litoral,Romaria de Nossa Senhora das Areias,06-10-2024,06-10-2024,São Jacinto,Aveiro,Aveiro,"Povoação de pescadores, a festa foi apontada para a época em que haviam regressado da pesca do bacalhau na Terra Nova."
beira_litoral,São Martinho,11-11-2024,11-11-2024,Mouquim,Albergaria-a-Velha,Aveiro,
beira_litoral,Senhora da Conceição,08-12-2024,08-12-2024,Oiã,Oliveira do Bairro,Aveiro,
beira_litoral,Santa Luzia,13-12-2024,13-12-2024,Veiros,Estarreja,Aveiro,
beira_litoral,Cortejo dos Reis Magos,22-12-2024,22-12-2024,Fermelã,Estarreja,Aveiro,
tras_os_montes,Festa do Menino Jesus,01-01-2024,01-01-2024,Vila Chã da Braciosa,Miranda do Douro,Bragança,"alvorada com gaiteiros, peditório com os mesmos acompanhando a Velha, o Bailador e a Bailadeira."
tras_os_montes,Festa do Santo Menino,01-01-2024,01-01-2024,Tó,Mogadouro,Bragança,gaiteiros e o Farandulo correndo as casas para tisnar as moças.
tras_os_montes,Festa dos Reis Magos com gaiteiros,06-01-2024,06-01-2024,Babe,Bragança,Bragança,
tras_os_montes,Festa da Mocidade,06-01-2024,06-01-2024,Rio de Onor,Bragança,Bragança,
tras_os_montes,Festa dos Reis Magos,06-01-2024,06-01-2024,Vale de Anta,Chaves,Vila Real,
tras_os_montes,Festa dos Reis,06-01-2024,06-01-2024,Vale de Salgueiro,Mirandela,Bragança,
tras_os_montes,Festa de São Sebastião,20-01-2024,20-01-2024,Alturas do Barroso,Boticas,Vila Real,"Sebastião, com missa, procissão e bodo de feijoada, cozinhada em potes de ferro, para todos os que aparecerem: As oferendas ao santo são constituídas essencialmente por enchidos: Festa com concertinas."
tras_os_montes,Festa de São Sebastião,20-01-2024,20-01-2024,Dornelas,Boticas,Braga,"Sebastião, com bodo na chamada mesinha de S: Sebastião"
tras_os_montes,Festa de São Sebastião,20-01-2024,20-01-2024,Gimonde,Bragança,Bragança,
tras_os_montes,Festa de São Sebastião,20-01-2024,20-01-2024,Paradela,Miranda do Douro,Bragança,
tras_os_montes,Festa dos Compadres e comadres,08-02-2024,08-02-2024,Pinhão,Alijó,Vila Real,
tras_os_montes,Domingo Gordo,Macedo de Cavaleiros,Macedo de Cavaleiros,Podence,Macedo de Cavaleiros,Bragança,Entrudo popular com caretos pelas ruas a chocalhar as moças.
tras_os_montes,Enterro do Entrudo,13-02-2024,13-02-2024,Freixo de Espada à Cinta,Freixo de Espada à Cinta,Bragança,"Cortejo nocturno a cargo dos rapazes, que batem chocalhos e latas pelas ruas: No largo, queima do entrudo."
tras_os_montes,serração da velha,quarta-feira da terceira semana da Quaresma,quarta-feira da terceira semana da Quaresma,Vilar de Perdizes,Montalegre,Vila Real,
tras_os_montes,Festa de São Lázaro,17-03-2024,17-03-2024,Vila Real,Vila Real,Vila Real,"As moças solteiras podem um bom casamento vestindo-se de forma semelhante à imagem do santo: A fita vermelha que pende do braço de S: Lázaro é passado pelo rosto dos crentes, pois o santo é protector contra as doenças de pele."
tras_os_montes,Procissão dos Sete Passos,29-03-2024,29-03-2024,Freixo de Espada à Cinta,Freixo de Espada à Cinta,Bragança,"Trata-se de uma procissão de penitentes, como também ocorre na Cova da Beira, em Lavacolhos e Enxabarda, concelho do Fundão: Homens encapuçados, arrastando correntes presas às pernas: Figura vestida de negro, a velhinha, traz vinho que distribui representando o sangue de Cristo: Em Domingo de Páscoa, após a procissão, queima do Judas."
tras_os_montes,Festa de Nossa Senhora dos Prazeres,07-04-2024,07-04-2024,Mateus,Vila Real,Vila Real,A missa celebra-se na capela do Palácio de Mateus: Seguem-se as tradicionais merendas.
tras_os_montes,,sem data,sem data,,,,"Vila Verde, Alijó, Festa do Corpo de Deus. Passadeiras de flores. Procissão integrando as cruzes e estandartes de todas as paróquias do concelho."
tras_os_montes,Romaria de Santo António,13-06-2024,13-06-2024,Coelhoso,Bragança,Bragança,
tras_os_montes,Festa de Santo António ou da Carola,13-06-2024,13-06-2024,Covas do Barroso,Boticas,Vila Real,"Festa religiosa e profana: Distribuição da carola (pão e vinho, previamente abençoados)."
tras_os_montes,Feira de São Pedro,24-06-2024,24-06-2024,Vila Real,Vila Real,Vila Real,"ou dos Pucarinhos, por haver muito pucarinhos de barro à venda, sobretudo os barros negros de Bisalhães: Estes barros servem para o conhecido jogo popular do panelo."
tras_os_montes,Bom Jesus do Calvário,07-07-2024,07-07-2024,Vila Real,Vila Real,Vila Real,Procissão solene.
tras_os_montes,Senhora do Marão,14-07-2024,14-07-2024,Teixeira,Baião,Guarda,
tras_os_montes,Senhora da Conceição,14-07-2024,14-07-2024,Pinhão,Alijó,Vila Real,
tras_os_montes,Senhora do Amparo,28-07-2024,28-07-2024,Mirandela,Mirandela,Bragança,Missa de festa e procissão solene.
tras_os_montes,Festa de Santa Ana,04-08-2024,04-08-2024,Campeã,Vila Real,Vila Real,Procissão nocturna.
tras_os_montes,Festas do Concelho,primeiro fim-de-semana de Agosto,primeiro fim-de-semana de Agosto,Montalegre,Montalegre,Vila Real,Corridas de cavalos: Encontro de concertinas: Procissão.
tras_os_montes,Senhora do Nazo,11-08-2024,11-08-2024,Póvoa,Miranda do Douro,Bragança,
tras_os_montes,Senhora da Assunção,15-08-2024,15-08-2024,Vinhais,Vinhais,Bragança,
tras_os_montes,Senhora da Assunção,15-08-2024,15-08-2024,Torre de Moncorvo,Torre de Moncorvo,Bragança,Procissão solene: Arraial e bailes populares.
tras_os_montes,Senhora da Assunção,15-08-2024,15-08-2024,Vilas Boas,Vila Flor,Bragança,
tras_os_montes,Senhora do Salto,15-08-2024,15-08-2024,Salto,Montalegre,Vila Real,
tras_os_montes,Senhora do Castelo,15-08-2024,15-08-2024,Algoso,Vimioso,Bragança,
tras_os_montes,Festa de Nossa Senhora da Livração,18-08-2024,18-08-2024,Boticas,Boticas,Vila Real,"No sábado, procissão: No domingo arraial e festival de folclore: Fogo de artifício."
tras_os_montes,Festa de Santo António,18-08-2024,18-08-2024,Montesinho,Bragança,Bragança,"Aldeia muito característica, com poucos habitantes: Festa com muita afluência."
tras_os_montes,Nossa Senhora dos Aflitos,25-08-2024,25-08-2024,Pegarinhos,Alijó,Vila Real,"Na procissão, os andores são quadros vivos representando cenas bíblicas, a cargo dos populares que se oferecem para o efeito."
tras_os_montes,Senhora do Nazo,08-09-2024,08-09-2024,Constantim,Miranda do Douro,Bragança,
tras_os_montes,Senhora de Almodena,08-09-2024,08-09-2024,Vila Real,Vila Real,Vila Real,Procissão no dia 7: Feira de gado.
tras_os_montes,Romaria de Nossa Senhora dos Anúncios,12-09-2024,12-09-2024,Vilarelho,Alfândega da Fé,Bragança,"Procissão, arraial, fogo de artifício."
tras_os_montes,Senhora da Pena,08-09-2024,08-09-2024,Mouçós,Vila Real,Vila Real,"A povoação gaba-se de apresentar na procissão o maior andor do mundo, com cerca de vinte metros de altura: O seu transporte durante a procissão tornou-se um espectáculo que atrai milhares de forasteiros: Corrida cavalos: Zés-Pereiras e bailes populares."
ribatejo,festa de São Sebastião,20-01-2024,20-01-2024,Amiais de Baixo,Santarém,Santarém,"Sebastião: Na noite de sábado, procissão dos archotes que se diz ser a maior do mundo."
ribatejo,Feira de S. Matias,02-06-2024,02-06-2024,Abrantes,Abrantes,Santarém,produtos regionais e artesanato. Festival de gastronomia durante as semanas que dura a feira.
ribatejo,Festas de S. José,19-03-2024,19-03-2024,Santarém,Santarém,Santarém,"além da componente religiosa com procissão, eventos taurinos e cortejo etnográfico."
ribatejo,Procissão dos Fogaréus,5ª Feira Santa,5ª Feira Santa,Sardoal,Sardoal,Santarém,
ribatejo,Festa da Aleluia,31-03-2024,31-03-2024,Cem Soldos,Tomar,Santarém,"Celebração da ressurreição de Nosso Senhor, com a manifestação popular das aleluias, flores amarelas ornamentando canas em forma de cruz que, no final do cortejo, são destruídas simbolizando a matança dos judeus, nome genérico que se dá a toda esta festa da Aleluia."
ribatejo,Festa da Senhora da Boa Viagem,2ª feira de Páscoa,2ª feira de Páscoa,Constância,Constância,Santarém,
ribatejo,Procissão dos Passos do Senhor,11-02-2024,11-02-2024,Mação,Mação,Santarém,
ribatejo,Círio dos marítimos à Senhora da Atalaia,01-04-2024,01-04-2024,Alcochete,Alcochete,Santarém,
ribatejo,Festa e feira do Santíssimo Milagre,07-04-2024,07-04-2024,Santarém,Santarém,Santarém,Procissão solene.
ribatejo,Festa dos Fazendeiros,07-04-2024,07-04-2024,Pontével,Cartaxo,Santarém,cortejo etnográfico de grande impacto.
ribatejo,Romaria do Senhor da Boa Morte,09-05-2024,09-05-2024,Vila Franca de Xira,Vila Franca de Xira,Lisboa,
ribatejo,Romaria do Espírito Santo,19-05-2024,19-05-2024,Dornes,Ferreira do Zêzere,Santarém,Círios das freguesias vizinhas.
ribatejo,Festa do Espírito Santo,19-05-2024,19-05-2024,Carregueiros,Tomar,Santarém,"Coroação do imperador, cortejo das fogaças, bodo."
ribatejo,Festa do Divino Espírito Santo,19-05-2024,19-05-2024,Meia Via,Torres Novas,Santarém,Cortejo dos tabuleiros: Distribuição do bodo.
ribatejo,Festa do Bodo ou do Divino Espírito Santo,06-06-2024,06-06-2024,Azinhaga,Golegã,Santarém,"cortejo de recolha do pão, bênção do bodo e sua distribuição. Celebrações religiosas. Largadas de touros."
ribatejo,Festas da Ascensão (toda a semana),quinta-feira da Ascensão,quinta-feira da Ascensão,Chamusca,Chamusca,Santarém,"artesanato, folclore, touradas."
ribatejo,Feira Nacional de Agricultura,10-06-2024,10-06-2024,Santarém,Santarém,Santarém,Mostras gastronómicas: Artesanato de todo o país: Exposição de máquinas agrícolas.
ribatejo,Festa da sardinha assada,último fim-de-semana de Junho,último fim-de-semana de Junho,Benavente,Benavente,Santarém,Exibição de campinos: Bodo de sardinha assada.
ribatejo,Festas de São Pedro,29-06-2024,29-06-2024,Montijo,Montijo,Santarém,Pedro.
ribatejo,Festa dos Tabuleiros,14-07-2024,14-07-2024,Tomar,Tomar,Santarém,"o das Coroas e o do Mordomo, que exibe os bois do Espírito Santo. As ruas populares são ornamentadas com milhares de flores de papel. A festa termina com o bodo, oferta de alimentos à população."
ribatejo,Festas do Colete Encarnado,primeiro fim-de-semana de Julho,primeiro fim-de-semana de Julho,Vila Franca de Xira,Vila Franca de Xira,Lisboa,"missa solene com música à maneira andaluzia. Fados. Homenagem, concentração e corrida de campinos. Artesanato, bandas filarmónicas pelas ruas. Eventos taurinos. Noite da sardinha assada."
ribatejo,Festa de Nossa Senhora da Paz,primeiro fim-de-semana de Agosto,primeiro fim-de-semana de Agosto,Benavente,Benavente,Santarém,"procissão da padroeira, peditório para a festa e entrega da bandeira aos festeiros do ano seguinte. Touradas."
ribatejo,Festa do Barrete Verde,segundo fim-de-semana de Agosto,segundo fim-de-semana de Agosto,Alcochete,Alcochete,Santarém,largadas e corridas de touros; sardinhada colectiva; arruadas; Procissão em terra e no mar em honra de Nossa Senhora da Vida.
ribatejo,Festa de Nossa Senhora do Castelo,08-06-2024,08-06-2024,Coruche,Coruche,Santarém,"Festa religiosa: Eventos taurinos, com touradas e largadas de touros: Cortejo etnográfico e festival de folclore."
ribatejo,Círios à Senhora da Atalaia,25-08-2024,25-08-2024,Atalaia,Montijo,Santarém,"À chegada, cada círio realiza uma procissão que começa na igreja e dão a volta no cruzeiro: Pernoitam nas casas dos círios: à noite, bailaricos com os “gaiteiros”, assim designados mesmo agora que já se não ouvem as gaitas-de-foles, mas sim os acordeonistas: No último dia, arrematação das bandeiras, cujo produto servirá para suportar as despesas da festa do próximo ano."
ribatejo,Círio à Senhora da Piedade,01-09-2024,01-09-2024,Tomar,Tomar,Santarém,
ribatejo,Senhora da Boa Viagem,08-09-2024,08-09-2024,Moita,Moita,Santarém,largadas e corridas de touros; banquete colectivo na tarde do fogareiro; procissão com bênção dos barcos.
ribatejo,círiode Nossa Senhora da Piedade,primeiro fim-de-semana de Setembro,primeiro fim-de-semana de Setembro,Tomar,Tomar,Santarém,"O círio, vela votiva, também é transportado a cavalo: Procissão subindo as escadas até à capela e missa."
ribatejo,feira anual,06-10-2024,06-10-2024,Vila Franca de Xira,Vila Franca de Xira,Lisboa,
ribatejo,Feira de Santa Iria,20-10-2024,20-10-2024,Tomar,Tomar,Santarém,"O momento mais importante ocorre na sexta-feira anterior, em que se invoca o martírio de Santa Iria: Procissão e lançamento de pétalas ao Rio Nabão."
ribatejo,Festival Nacional de Gastronomia,10-10-2024,10-10-2024,Santarém,Santarém,Santarém,mostra de pratos típicos de todas as regiões do país. Tasquinhas e provas de vinho.
ribatejo,Feira dos Santos,01-11-2024,01-11-2024,Mação,Mação,Santarém,a mais importante festividade desta vila
ribatejo,Feira de Todos os Santos,01-11-2024,01-11-2024,Cartaxo,Cartaxo,Santarém,"Abertura da água-pé, mostra de vinhos e gastronomia: Expo-Cartaxo."
ribatejo,Festa de São Martinho,11-11-2024,11-11-2024,Golegã,Golegã,Santarém,"Martinho, também conhecida por Feira do Cavalo, que se prolonga por três semanas, com exibição de cavalos, cavaleiros, amazonas e charretes: Concursos hípicos: Mostra do Puro Sangue Lusitano: No dia 11, cortejo e bênção dos romeiros de S: Martinho, a cavalo."
ribatejo,Festa de Nossa Senhora da Conceição,08-12-2024,08-12-2024,Sabacheira,Tomar,Santarém,"Missa, procissão e leilão das promessas"
minho,Festa de São Sebastião,20-01-2024,20-01-2024,Gondiães,Cabeceiras de Basto,Braga,"Sebastião, santo contra a fome, a peste e a guerra: Procissão, bênção dos alimentos e bodo."
minho,enterro do Arturinho,13-02-2024,13-02-2024,Taipas,Guimarães,Braga,
minho,Procissão dos Passos,24-03-2024,24-03-2024,Tamel,Barcelos,Braga,com interesse especial devido às representações teatrais sobre a Paixão do Senhor
minho,Procissão dos Passos,24-03-2024,24-03-2024,Braga,Braga,Braga,
minho,Procissão dos Passos,24-03-2024,24-03-2024,Barcelos,Barcelos,Braga,
minho,auto do Enterro e crucifixação do Senhor,24-03-2024,24-03-2024,Vilarinho,Vila Verde,Porto,com centenas de crianças representando figuras bíblicas
minho,Procissão dos Passos,24-03-2024,24-03-2024,Rates,Póvoa de Varzim,Porto,
minho,celebrações da Semana Santa de que se destacam a do Ecce Homo,Semana Santa,Semana Santa,Braga,Braga,Braga,com farricocos empunhando archotes: a Procissão da Burrinha (quarta-feira) e a de Sexta-Feira Santa: ou do Enterro do Senhor
minho,Romaria do Bom Jesus de Fão,07-04-2024,07-04-2024,Fão,Esposende,Braga,
minho,Romaria do Santo do Monte,07-04-2024,07-04-2024,Louro,Famalicão,Braga,
minho,Romaria do Bom Jesus,08-04-2024,08-04-2024,Não,Esposende,Braga,Festival de fanfarras.
minho,Romaria de Nossa Senhora da Cabeça,09-04-2024,09-04-2024,Cristelo Covo,Valença,Viana do Castelo,"Após o compasso pascal, cerimónia do Lanço da Cruz: Procissão no rio Minho até à banda de além, onde a esperam os devotos espanhóis."
minho,Festa das Cruzes,03-05-2024,03-05-2024,Barcelos,Barcelos,Braga,Corrida de cavalos: Cortejo etnográfico: Batalha de flores: Fogo de artifício na ponte medieval sobre o rio Cávado
minho,ruas atapetadas de flores por onde passa a procissão,03-05-2024,03-05-2024,Serzedelo,Guimarães,Braga,"No trajecto encontram-se levantadas 16 cruzes ornamentadas com flores, junto às quais se entoam cânticos religiosos"
minho,Festa da Senhora da Rosa,02-05-2024,02-05-2024,Vila Franca do Lima,Viana do Castelo,Viana do Castelo,"Cortejo das rosas, em que as mordomas se apresentam ricamente vestidas à forma regional e transportando à cabeça monumentais cestos floridos, para oferecer a Nossa Senhora: O mesmo na procissão religiosa."
minho,Festa do Senhor dos Aflitos,03-05-2024,03-05-2024,Nespereira,Guimarães,Guarda,"Procissão do clamor, em que se entoam cânticos religiosos pedindo protecção para as colheitas."
minho,Romaria da Senhora do Amparo,03-05-2024,03-05-2024,Cardielos,Viana do Castelo,Viana do Castelo,Arraial popular.
minho,Festa da Santa Cruz ou dos Andores Floridos,05-05-2024,05-05-2024,Alvarães,Viana do Castelo,Viana do Castelo,"Os andores são ricamente ornamentados com flores, tal como as cruzes de granito por onde passa a procissão: Tapetes de flores pelos caminhos."
minho,Romaria de São Gonçalo,01-06-2024,01-06-2024,Amarante,Amarante,Porto,"Gonçalo, santo considerado casamenteiro pelas moças casadoiras da região: Procissão solene: Arraial com exibição de grupos de Zés-Pereiras."
minho,peregrinação à Senhora do Sameiro,02-06-2024,02-06-2024,Braga,Braga,Braga,
minho,Festa do Espírito Santo,19-05-2024,19-05-2024,Barrosas,Felgueiras,Porto,"Cortejo de oferendas: Na 2ª feira, procissão integrando os cânticos religiosos denominados “clamores”."
minho,Romaria da Senhora da Encarnação,19-05-2024,19-05-2024,Vila Mou,Viana do Castelo,Viana do Castelo,Procissão com o “coro das virgens”: Cortejo das mordomas com os seus trajos regionais: No cortejo e na procissão passam debaixo dos tradicionais arcos de romaria: Arraial festivo.
minho,Festa da Senhora da Rocha,26-05-2024,26-05-2024,Nogueira,Viana do Castelo,Bragança,"Moças vestidas em trajos regionais: Na procissão, andor com um enorme bolo, posteriormente benzido e distribuído ao povo."
minho,Romaria de Santo António,13-06-2024,13-06-2024,Mixões,Vila Verde,Braga,Arraial nocturno com fogueiras: Procissão: Os lavradores trazem os seus gados que dão as voltas rituais à capela do santo.
minho,Festa do Corpo de Deus,Dia do Corpo de Deus,Dia do Corpo de Deus,Ponte de Lima,Ponte de Lima,Viana do Castelo,Pelas ruas é corrida a chamada vaca das cordas.
minho,Festas de Santo António,13-06-2024,13-06-2024,Amares,Amares,Braga,
minho,Festas de Santo António,13-06-2024,13-06-2024,Vila Verde,Figueira da Foz,Coimbra,
minho,Festas de Santo António,13-06-2024,13-06-2024,Famalicão,Guarda,Guarda,"Na noite da véspera, marchas antoninas: Salto ritual das fogueiras de Santo António: Concurso de cascatas: Rusgas populares: Junto à capela do taumaturgo, depois da missa de festa, distribuição do pão bento de Santo António."
minho,Festa do Corpus Christi,Dia do Corpo de Deus,Dia do Corpo de Deus,Monção,Monção,Viana do Castelo,"Procissão que inclui o carro das ervas, o boi bento, o S: Jorge, que, no final, trava um combate com a Coca, dragão símbolo do Mal."
minho,Ronda da Lapinha,03-06-2024,03-06-2024,Calvos,Guimarães,Braga,
minho,Festividades de São João,24-06-2024,24-06-2024,Braga,Braga,Braga,João: Rusgas nocturnas pela cidade a caminho da capelinha de S: João: Carro e dança dos pastores: Carro das ervas: Dança do Rei David: Procissão no dia 24.
minho,Romaria de São Torcato,07-07-2024,07-07-2024,Torcato,Guimarães,Braga,
minho,Romaria de São Bento,14-07-2024,14-07-2024,Vizela,Guimarães,Braga,das Peras
minho,Romaria de São Bento,primeiro fim-de-semana de Julho,primeiro fim-de-semana de Julho,Cossourado,Paredes de Coura,Braga,da Porta Aberta: Cumprimento de promessas pelos tradicionais romeirinhos: Exibição de ranchos folclóricos e bandas filarmónicas.
minho,Romaria de Nossa Senhora de Antime,14-07-2024,14-07-2024,Fafe,Fafe,Braga,
minho,Santa Maria Madalena ou Clamor da Roda,21-07-2024,21-07-2024,Vale de Bouro,Celorico de Basto,Braga,
minho,Romaria da Senhora do Minho,21-07-2024,21-07-2024,Alto da Serra de Arga,Viana do Castelo,Viana do Castelo,
minho,Festas do Senhor do Cruzeiro e das Necessidades,04-07-2024,04-07-2024,Lanheses,Viana do Castelo,Viana do Castelo,
minho,Romaria de S. Bento da Porta Aberta,12-08-2024,12-08-2024,Rio Caldo,Gerês,Braga,noitada festiva com baile popular no arraial e cantares ao desafio.
minho,Festa de Nossa Senhora das Neves,05-08-2024,05-08-2024,Neves,Viana do Castelo,Viana do Castelo,"Procissão solene: Auto popular de Floripes ou Comédia do Imperador Carlos Magno e dos Doze Pares de França, de origem carolíngia."
minho,Festas Gualterianas,primeiro fim-de-semana de Agosto,primeiro fim-de-semana de Agosto,Guimarães,Guimarães,Braga,Gualter: Cortejo do linho e Batalha de Flores.
minho,procissão solene,segundo fim-de-semana de Agosto: Festa de Santa Rita de Cássia,segundo fim-de-semana de Agosto: Festa de Santa Rita de Cássia,Caminha,Caminha,Viana do Castelo,"Arruadas de bombos e Zés-Pereiras: Desfile de trajos regionais: Sábado à noite, rusgas e bailes populares à concertina: Fogo de artifício."
minho,Romaria de Santa Marta de Portuzelo,segundo fim-de-semana de Agosto,segundo fim-de-semana de Agosto,Santa Marta de Portuzelo,Viana do Castelo,Viana do Castelo,Arruadas com bombos e Zés-Pereiras: Cortejo etnográfico.
minho,Nossa Senhora das Dores,segundo fim-de-semana de Agosto,segundo fim-de-semana de Agosto,Monção,Monção,Viana do Castelo,Arruadas com bombos e gaitas-de-foles: Exibição de ranchos folclóricos: Procissão no domingo.
minho,Senhora do Amparo,segundo fim-de-semana de Agosto,segundo fim-de-semana de Agosto,Apúlia,Esposende,Braga,
minho,Romaria de Nossa Senhora das Neves da Lagoa,08-06-2024,08-06-2024,Lagoa,Fafe,Bragança,
minho,Romaria da Senhora Aparecida,15-08-2024,15-08-2024,Balugães,Barcelos,Braga,Cumprimento de promessas e procissão solene.
minho,Senhora das Dores,15-08-2024,15-08-2024,Soajo,Arcos de Valdevez,Viana do Castelo,
minho,Senhora da Abadia,15-08-2024,15-08-2024,Santa Maria de Bouro,Amares,Braga,Procissão solene.
minho,Romaria da Senhora da Agonia,20-08-2024,20-08-2024,Viana do Castelo,Viana do Castelo,Viana do Castelo,"Procissão solene: Cortejo etnográfico: Bombos, gigantones, Zés-Pereiras: Desfile das mordomas, moças solteiras exibindo os seus ouros de família ao peito: Festa do Traje: Procissão no mar: Fogo de artifício no rio Lima."
minho,Romaria de São Bartolomeu,24-08-2024,24-08-2024,Bartolomeu do Mar,Esposende,Braga,do Mar: Banho santo: Procissão na praia: Oferendas de galinhas pretas.
minho,Romaria de São Bartolomeu,24-08-2024,24-08-2024,Ponte da Barca,Ponte da Barca,Viana do Castelo,Bartolomeu: Rusgas e bailes populares durante a noitada: Cantares ao desafio: Cortejo etnográfico.
minho,Romaria de São João,29-08-2024,29-08-2024,Arga de S. João,Caminha,Viana do Castelo,"de Arga, comemorativa da morte do Santo Precursor: Rusgas populares, cantares ao desafio e bailes populares durante a noitada."
minho,Senhora da Guia,18-08-2024,18-08-2024,Apúlia,Esposende,Braga,
minho,peregrinação estatutária à Senhora do Sameiro,25-08-2024,25-08-2024,Braga,Braga,Braga,
minho,Festa de Santa Justa,25-08-2024,25-08-2024,Negreiros,Barcelos,Braga,Tradição pitoresca
minho,Romaria da Senhora da Peneda,08-09-2024,08-09-2024,Gavieira,Arcos de Valdevez,Viana do Castelo,Noitada com bailes populares ao som das concertinas: Procissão desce o monumental escadório e regressa ao santuário.
minho,Festa de Nossa Senhora da Bonança,segundo fim-de-semana de Setembro,segundo fim-de-semana de Setembro,Vila Praia de Âncora,Caminha,Viana do Castelo,"Na quinta-feira de festa, procissão no mar até ao Forte da Ínsua: Domingo"
minho,Feiras Novas,20 de Setembro (ultimamente segundo fim-de-semana de Setembro),20 de Setembro (ultimamente segundo fim-de-semana de Setembro),Ponte de Lima,Ponte de Lima,Viana do Castelo,"Rusgas, concertinas e cantares ao desafio pelas ruas do casco histórico: Feira de gado: Cortejo etnográfico: Corrida de cavalos."
minho,Festa de São Miguel,20-09-2024,20-09-2024,Cabeceiras de Basto,Cabeceiras de Basto,Braga,ou Festa das Colheitas: Desfile de gigantones e Zés-Pereiras.
minho,Senhora da Saúde,01-09-2024,01-09-2024,Lanhelas,Caminha,Viana do Castelo,Procissão solene: Especialidade gastronómica
minho,Senhora da Graça,01-09-2024,01-09-2024,Mondim de Basto,Mondim de Basto,Vila Real,
minho,Romaria de Nossa Senhora do Porto de Ave,01-09-2024,01-09-2024,Porto de Ave,Póvoa de Lanhoso,Braga,Procissão das velas.
minho,Feira Grande de São Miguel,29-09-2024,29-09-2024,Famalicão,Guarda,Guarda,Miguel: Origem medieval: Desfolhada tradicional com concertinas e cantares ao desafio: Garraiada: Concurso de atrelagens.
minho,Festas Nicolinas,02-12-2024,02-12-2024,Guimarães,Guimarães,Braga,"Nicolau, patrono dos estudantes: Cortejo do Pinheiro: Ceias nicolinas."
minho,Festa de Santa Luzia,13-12-2024,13-12-2024,Guimarães,Guimarães,Braga,"Venda de doces denominados sardões e passarinhas, com óbvias conotações eróticas, oferecidas reciprocamente pelos rapazes e pelas moças."
minho,Festa de Santa Luzia e feira dos capões,13-12-2024,13-12-2024,Freamunde,Paços de Ferreira,Porto,
minho,Romaria de São Silvestre,31-12-2024,31-12-2024,Cardielos,Viana do Castelo,Viana do Castelo,Silvestre: Alvorada musical.
estremadura,Cantar e pintar dos Bons Reis Magos,Cadaval,Cadaval,Pereiro,Vilar,Cadaval,"Com pequenas variantes, pinta-se e canta-se os Reis em todas as povoações do concelho do Cadaval e Alenquer que rodeiam a Serra do Montejunto"
estremadura,Festa de Santo Amaro,15-01-2024,15-01-2024,Alfeizerão,Alcobaça,Leiria,
estremadura,Romaria de Santo Antão,17-01-2024,17-01-2024,Óbidos,Óbidos,Leiria,Arraial com cantares ao acordeão nas tendas de comes e bebes.
estremadura,Festa de São Sebastião,20-01-2024,20-01-2024,Valado de Frades,Nazaré,Leiria,"Sebastião, por vezes chamada festa da chouriça, pelo leilão das oferendas em chouriços."
estremadura,grupos músico-coreográfico-teatrais (cègadas,Carnaval,Carnaval,Nazaré,Nazaré,Leiria,
estremadura,Procissão da burrinha,10-03-2024,10-03-2024,Mafra,Mafra,Lisboa,
estremadura,Enterro do bacalhau,30-03-2024,30-03-2024,Sesimbra,Sesimbra,Setúbal,
estremadura,Procissão dos Passos,24-03-2024,24-03-2024,Óbidos,Óbidos,Leiria,que percorre as ruas do burgo medieval
estremadura,Procissão da Burrinha,24-03-2024,24-03-2024,Mafra,Mafra,Lisboa,"é uma procissão dos Passos do Senhor, com várias figurações bíblicas, entre as quais a cena da “Fuga para o Egipto”, donde provém o nome da procissão"
estremadura,círio dos marítimos à Senhora da Atalaia,31-03-2024,31-03-2024,Alcochete,Alcochete,Santarém,"Gaiteiro, cortejo com carros de bois, carroças em direcção ao santuário: Leilão das bandeiras e fogaças."
estremadura,Festa do Senhor Jesus das Chagas,03-05-2024,03-05-2024,Sesimbra,Sesimbra,Setúbal,Procissão dos pescadores com bênção do mar.
estremadura,Festa da Senhora da Gaiola ou Festa do Bodo,03-05-2024,03-05-2024,Cortes,Leiria,Leiria,"As moças transportam à cabeça tabuleiros de oferendas, doces chamados “fradinhos do Menino Jesus”: Procissão de imagens do Menino Jesus, pertencentes a todas as famílias da freguesia."
estremadura,Festas da Cidade,15-05-2024,15-05-2024,Caldas da Rainha,Caldas da Rainha,Leiria,"Missa na Igreja de Nossa senhora do Pópulo em honra da Rainha D: Leonor, fundadora e padroeira da cidade: Grande variedade de espectáculos e certames, como exposições de cerâmica, arte em que sempre se destacou a cidade de Caldas da Rainha."
estremadura,círio do Carregal,09-05-2024,09-05-2024,Óbidos,Santuário do Senhor da Pedra,Leiria,Cavaleiro comanda a peregrinação transportando o guião: Loas cantadas pelo anjinho.
estremadura,Romaria de Santa Quitéria de Meca,09-05-2024,09-05-2024,Meca,Alenquer,Lisboa,Bênção do gado em redor do cruzeiro.
estremadura,Círio da Nazaré a Nossa Senhora da Vitória,09-05-2024,09-05-2024,Pataias,Alcobaça,Leiria,
estremadura,celebrações do dia da espiga com merenda no pinhal de Leiria,5ª. Feira da Ascensão,5ª. Feira da Ascensão,Marinha Grande,Marinha Grande,Leiria,"Guarda-se a espiga em casa durante o ano, como é da tradição por todo o país: Carros enfeitados com verduras, como também faz parte da tradição geral."
estremadura,Festa de Nossa Senhora dos Prazeres,19-05-2024,19-05-2024,Aldeiagalega da Merceana,Alenquer,Lisboa,Procissão com bênção das vinhas.
estremadura,Festa da Santíssima Trindade,26-05-2024,26-05-2024,Batalha,Batalha,Leiria,"Cortejo e bênção dos tabuleiros de oferendas: Distribuição, ou melhor, lançamento dos merendeirinhos ao fiéis."
estremadura,Festas de Santo António,13-06-2024,13-06-2024,Lisboa,Lisboa,Lisboa,"Marchas populares na Avenida da Liberdade: Tronos ao santo, sardinha assada e bailes nos bairros populares, sobretudo em Alfama, mas também no Bairro Alto, Bica, Mouraria, Graça e Costa do Castelo: Casamentos de Santo António"
estremadura,Festa de Santo António,13-06-2024,13-06-2024,Rebolaria,Batalha,Leiria,O cortejo desce à vila e regressa ao adro da Rebolaria: Acompanhamento musical a cargo de uma pequena banda filarmónica.
estremadura,Festa de Santo António,13-06-2024,13-06-2024,Cascais,Cascais,Lisboa,"procissão da Capela da Cidadela, onde se guarda a imagem do taumaturgo."
estremadura,Festa de S. João Baptista,24-06-2024,24-06-2024,Runa,Torres Vedras,Lisboa,"arruadas, folclore, fogo de artifício."
estremadura,Festas de São Pedro,29-06-2024,29-06-2024,Porto de Mós,Porto de Mós,Leiria,
estremadura,Feira de São Pedro,29-06-2024,29-06-2024,Torres Vedras,Torres Vedras,Lisboa,
estremadura,Festas de São Pedro,29-06-2024,29-06-2024,Montijo,Montijo,Santarém,Pedro: Procissão com bênção dos barcos: Bodo da sardinha assada: Largada e corridas de touros: Queima do batel.
estremadura,Feira Grande de São Pedro,29-06-2024,29-06-2024,Sintra,Sintra,Lisboa,Pedro.
estremadura,Círio da Senhora da Arrábida,primeiro fim-de-semana de Julho,primeiro fim-de-semana de Julho,Setúbal,Setúbal,Setúbal,
estremadura,Festa de Nossa Senhora do Cardal,28-07-2024,28-07-2024,Pombal,Carrazeda de Ansiães,Bragança,ou Festa do Bodo
estremadura,Festas da Rainha Santa,28-07-2024,28-07-2024,Monte Real,Leiria,Leiria,
estremadura,Festa de Santa Maria Madalena,22-07-2024,22-07-2024,A dos Negros,Óbidos,Leiria,
estremadura,Festas do município,24-07-2024,24-07-2024,Pedrógão Grande,Pedrógão Grande,Leiria,
estremadura,Senhora das Neves,05-08-2024,05-08-2024,Pragança,Cadaval,Lisboa,
estremadura,Romaria da Senhora do Socorro,05-08-2024,05-08-2024,Enxara do Bispo,Mafra,Lisboa,na sua capelinha do alto da Serra do Socorro
estremadura,Festas de Nossa Senhora da Boa Viagem,04-08-2024,04-08-2024,Peniche,Peniche,Leiria,"Procissão no mar com bênção dos barcos: Domingo à tarde, solene procissão da festa."
estremadura,Festa de Nossa Senhora da Misericórdia,04-08-2024,04-08-2024,Belas,Sintra,Lisboa,missa e procissão pelas ruas da vila.
estremadura,Senhora da Vitória,15-08-2024,15-08-2024,Batalha,Batalha,Leiria,
estremadura,Festa de Nossa Senhora da Assunção,15-08-2024,15-08-2024,Cheleiros,Mafra,Lisboa,missa e procissão pelas ruas da aldeia
estremadura,Festa de Nossa Senhora da Encarnação,15-08-2024,15-08-2024,Leiria,Leiria,Leiria,"Procissão solene desde a Igreja de Santo Agostinho até ao santuário da Senhora da Encarnação, no alto de um monte fronteiro ao Castelo de Leiria."
estremadura,Senhora da Boa Viagem,15-08-2024,15-08-2024,Ericeira,Mafra,Lisboa,"Procissão no mar no sábado à noite: Procissão pelas ruas da vila no domingo à tarde, com destaque para o andor transportado pelos pescadores."
estremadura,Senhora do Bom Sucesso,15-08-2024,15-08-2024,Lagoa de Óbidos,Óbidos,Leiria,"Círio do Vau, com o canto das loas pelo anjinho montado num cavalo."
estremadura,Romaria de S. Mamede,17-08-2024,17-08-2024,Janas,Sintra,Lisboa,"bênção de gado com três voltas à capela, outrora rebanhos, hoje sobretudo cães de companhia e cavalos. Destaque para a arquitectura regional, em redondo, da capela."
estremadura,Festa de Nossa Senhora dos Navegantes,08-06-2024,08-06-2024,Cascais,Cascais,Lisboa,"Procissão dos pescadores que leva a imagem às traineiras engalanadas (que vão até à Guia e voltam) e bênção do mar: Artesanato, gastronomia, fogo-de-artifício."
estremadura,Festas da São José:enhora da Nazaré,08-09-2024,08-09-2024,Nazaré,Nazaré,Leiria,"José: Durante a invasão muçulmana, teria sido escondida na Pederneira, onde mais tarde foi encontrada pelos pastores: O milagre protagonizado por D: Fuas Roupinho ficou consagrada na capelinha da Memória, no Sítio, no alto da falésia, perto da qual foi erigido o santuário: Durante todo o mês, é notável o concurso de muitoscírios, de variadas proveniências, de que se destacam o Círio da Prata Grande (giro que inclui povoações dos concelhos de Mafra, Sintra e Torres Vedras), o Círio de Penela e o Círio de Olhalvo, sucessivamente a cargo de vários lugares da freguesia"
estremadura,Senhora da Ajuda,01-09-2024,01-09-2024,Gaeiras,Óbidos,Leiria,
estremadura,Festa de Nossa Senhora da Saúde,08-09-2024,08-09-2024,Vila Fresca de Azeitão,Setúbal,Setúbal,"No sábado à tarde, cavalhadas à moda antiga, com competição para os cavaleiros acertarem numa roseta pendurada em fio que atravessa a rua: Procissão solene."
estremadura,Festa das Vindimas,09-06-2024,09-06-2024,Palmela,Palmela,Setúbal,largadas de touros; provas do vinho; arruadas; cortejo alegórico.
estremadura,Festa da Senhora do Fetal,06-10-2024,06-10-2024,Reguengo do Fetal,Batalha,Leiria,Procissão nocturna à luz de milhares de lamparinas em cascas de caracóis: Procissão das oferendas armadas em tabuleiros.
estremadura,Romaria dos pescadores à Senhora do Cabo Espichel,29-09-2024,29-09-2024,Sesimbra,Sesimbra,Setúbal,Procissão com bênção do mar: Santuário barroco situado na imponente falésia do Espichel: Círios do giro à Senhora do Cabo.
estremadura,Bom Jesus do Carvalhal,08-09-2024,08-09-2024,Carvalhal,Bombarral,Setúbal,"Visita de círios, com os anjinhos a cantarem as loas e os gaiteiros tocando à frente da procissão de cada localidade"
estremadura,Feira das Mercês,10-06-2024,10-06-2024,Mercês,Sintra,Lisboa,missa solene e procissão. Feira característica da região saloia
estremadura,Círios a Nossa Senhora dos Remédios,20-10-2024,20-10-2024,Peniche,Peniche,Leiria,provenientes de várias localidades: com o canto das loas e seus gaiteiros
estremadura,Santo André,30-11-2024,30-11-2024,Arelho,Óbidos,Leiria,
estremadura,celebração de Todos os Santos,01-11-2024,01-11-2024,Alfarim,Sesimbra,Setúbal,
estremadura,Feira dos Santos,01-11-2024,01-11-2024,Livramento,Mafra,Lisboa,
estremadura,Festa de São Martinho,11-11-2024,11-11-2024,São Martinho do Porto,Alcobaça,Leiria,
estremadura,Senhora da Conceição,08-12-2024,08-12-2024,Atouguia da Baleia,Peniche,Leiria,
estremadura,círio da Carrasqueira ao Bom Jesus do Carvalhal,01-12-2024,01-12-2024,Carvalhal,Bombarral,Setúbal,
estremadura,círio de Atouguia da Baleia ao Bom Jesus do Carvalhal,15-12-2024,15-12-2024,Carvalhal,Bombarral,Setúbal,
douro_litoral,Festa de São Gonçalo,ou no domingo seguinte,ou no domingo seguinte,Vila Nova de Gaia,10 de Janeiro,Porto,
douro_litoral,Festa da Candelária,02-02-2024,02-02-2024,Louredo,Santa Marta de Penaguião,Vila Real,"Cenário da Serra do Marão, por onde ressoam os acordes da tuna, uma das melhores tunas rurais ainda em actividade."
douro_litoral,Romaria de São Brás,03-02-2024,03-02-2024,Santa Cruz do Bispo,Matosinhos,Porto,
douro_litoral,Festa das Fogaceiras,20-01-2024,20-01-2024,Santa Maria da Feira,Santa Maria da Feira,Aveiro,"importantíssima romaria celebrando S. Sebastião. Na procissão, meninas de branco levam as fogaças à cabeça. Andores de S. Sebastião e de Nossa Senhora da Encarnação. As fogaças destinavam-se inicialmente a serem distribuídas pelos pobres. Desfile das fogaceiras."
douro_litoral,Enterro do João,13-02-2024,13-02-2024,Ermesinde,Valongo,Porto,
douro_litoral,serração da velha e baile da pinhata,quarta-feira da terceira semana da Quaresma,quarta-feira da terceira semana da Quaresma,Lousada,Meinedo,Porto,
douro_litoral,Senhor dos Passos,sábado e domingo de Lázaro,sábado e domingo de Lázaro,Melres,Gondomar,Porto,"há procissão nocturna no sábado, que é mais vistosa que a de domingo, porque todas as casas se iluminam com velas e lanternas. No monte sobranceiro ao rio Douro, acendem-se fogueiras, o que torna o cenário mais impressivo."
douro_litoral,procissão das lanternas (sábado à noite) e procissão dos Passos no domingo,sábado e domingo de Lázaro,sábado e domingo de Lázaro,Póvoa de Varzim,Póvoa de Varzim,Porto,"Na procissão de sábado, que é nocturna, as crianças seguem empunhando lanternas: A matraca, aqui chamada campanha, ressoa no escuro: Incorporam-se muitos penitentes encapuçados: A procissão de domingo é imponente pelo grande número de figuras bíblicas e anjinhos que nela tomam parte: O povo da Póvoa de Varzim tem grande fervor religioso."
douro_litoral,Procissão dos Passos,Felgueiras. domingo de Lázaro,Felgueiras. domingo de Lázaro,Caramos,Felgueiras,Porto,
douro_litoral,Procissão dos Passos,24-03-2024,24-03-2024,Rates,Póvoa de Varzim,Porto,
douro_litoral,Procissão das Endoenças,28-03-2024,28-03-2024,Entre-os-Rios,Penafiel,Porto,"Ponte e trajecto iluminado com luminárias: Muito vistoso: Canto da Verónica em várias paragens e sermão do encontro: Procissão muito concorrida e com muita devoção: Atravessa o casario antigo até à beira do rio Douro, passando a subir o povo até ao alto, capela do Calvário, onde termina."
douro_litoral,procissão do Terro-Terro (nocturna,Semana Santa,Semana Santa,Ovar,Ovar,Aveiro,à luz de archotes)
douro_litoral,Feira da Páscoa,29-03-2024,29-03-2024,Vila do Conde,Vila do Conde,Porto,
douro_litoral,Procissão do Enterro,29-03-2024,29-03-2024,Póvoa de Varzim,Póvoa de Varzim,Porto,"Canta a Verónica e as “Marias do Aú”, assim chamadas porque o seu cântico, que sucede ao da Verónica, começa pela interjeição latina “Ehu! Ehu, Domine!”"
douro_litoral,Queima do Judas,30-03-2024,30-03-2024,Guilhabreu,Vila do Conde,Porto,"Boneco de palha queimado na fogueira, perante a animação popular: Antes da queima, é lido o testamento do Judas, que contém habitualmente alusões e críticas locais."
douro_litoral,Procissão da Ressurreição e à tarde compasso pascal pelas ruas,31-03-2024,31-03-2024,Póvoa de Varzim,Póvoa de Varzim,Porto,"Nas ruas ainda se joga o tradicional jogo da pela: Na segunda-feira, Festa do Anjo."
douro_litoral,romaria de Santa Luzia,01-04-2024,01-04-2024,Eja,Penafiel,Porto,no sopé do Monte Mozinho: conhecido sítio arqueológico
douro_litoral,feira de gado,quinta-feira de Páscoa: Festa de S. Jorge,quinta-feira de Páscoa: Festa de S. Jorge,Várzea,Felgueiras,Porto,"Chamam-lhe também a “feira dos despiques” ou encontro dos namorados porque é a ocasião de as moças retribuirem o folar que os rapazes lhes ofereceram no domingo de Páscoa, retribuição que é feita com a oferta de um doce em forma de coração (antigamente com um lenço com um coração bordado)."
douro_litoral,festa de Santa Mafalda,02-05-2024,02-05-2024,Arouca,Arouca,Aveiro,"Era filha de D: Sancho I, neta do nosso primeiro rei: Feriado municipal dada a importância da santa: De manhã, missa solene e à tarde majestosa procissão: A gastronomia local poderá ser apreciada"
douro_litoral,Romaria da Senhora da Laje ou das Cruzes,03-05-2024,03-05-2024,Urrô,Arouca,Aveiro,"A procissão sai da capela da Senhora da Laje e percorre as onze cruzes de granito, onde a esperam os romeiros de cada freguesia para nela se incorporarem: Integra-se nas festividades da Divina Santa Cruz, celebradas a 3 de Maio um pouco por todo o país"
douro_litoral,Romaria da Senhora do Salto,03-05-2024,03-05-2024,Aguiar do Sousa,Paredes,Porto,"Local magnífico, em ermo sobre o rio Sousa, onde, segundo a lenda, um cavaleiro conseguiu saltar sobre o desfiladeiro evitando a morte para que o demónio, em forma de lebre, o atraíra: Foi esse cavaleiro que mandou erigir a capela."
douro_litoral,Romaria da Senhora da Hora,5ª Feira da Ascensão (início no domingo anterior),5ª Feira da Ascensão (início no domingo anterior),Matosinhos,Matosinhos,Porto,
douro_litoral,Festa de São Gonçalo,19-05-2024,19-05-2024,Beiriz,Póvoa de Varzim,Porto,"Gonçalo, santo casamenteiro e protector dos pescadores"
douro_litoral,Festas do Senhor de Matosinhos,51 dias depois da Páscoa),51 dias depois da Páscoa),Matosinhos,fins de Maio / princípios de Junho (terça-feira,Porto,"Majestosa procissão até ao Senhor do Padrão: Bombos, Zés-Pereiras, ranchos folclóricos: Feira da loicinha: Fogo de bonecos, curiosa forma pirotécnica, com bonecos a lançar faíscas em girândola."
douro_litoral,Romaria de São Gonçalo,02-06-2024,02-06-2024,Amarante,Amarante,Porto,Gonçalo: Santo casamenteiro: Procissão solene: Despique de bombos.
douro_litoral,Festa de São Sebastião,09-06-2024,09-06-2024,Freamunde,Paços de Ferreira,Porto,"Sebastião: Santo protector contra a fome, a peste e a guerra: Festa a cargo dos homens casados: Missa de festa e procissão: Ranchos folclóricos, Zés-Pereiras, cabeçudos e gigantones: Tradição das “vacas de fogo”"
douro_litoral,Romaria do Senhor da Pedra,02-06-2024,02-06-2024,Miramar,Gaia,Porto,"Desde a madrugada acorrem rusgas populares, hoje sobretudo organizadas pelos ranchos folclóricos: Procissão junto ao rochedo: Muita afluência, com muita devoção."
douro_litoral,Festividades do Corpus Christi,30-05-2024,30-05-2024,Penafiel,Penafiel,Porto,"Na véspera, cavalhada nocturna, com exibição, em frente à Câmara Municipal, das danças tradicionais: Estas exibiam-se outrora durante a procissão religiosa, mas agora actuam apenas pelas ruas da cidade, na véspera e no dia da festa"
douro_litoral,Festa do Corpus Christi,30-05-2024,30-05-2024,Santa Maria da Feira,Santa Maria da Feira,Aveiro,
douro_litoral,festa de São João,24-06-2024,24-06-2024,Castelo de Paiva,Castelo de Paiva,Aveiro,
douro_litoral,Festas de São João,24-06-2024,24-06-2024,Porto,Porto,Porto,"João: Arraiais nos bairros populares, sobretudo nas Fontainhas: Cascatas, fogueiras, martelinhos e alho-porro: Arraiais nos bairros populares, mais típicos nas Fontainhas e Miragaia: Magnífico fogo de artifício sobre o rio Douro."
douro_litoral,Cascatas em honra do santo,24-06-2024,24-06-2024,Vila do Conde,Vila do Conde,Porto,"Marchas populares dos dois bairros, o Monte e a Praça, pela ruas à noite, seguidas de espectáculos e exibição das marchas em palco em cada um dos referidos bairros: Missa e procissão solene."
douro_litoral,Festa de São João,24-06-2024,24-06-2024,Sobrado,Valongo,Porto,"João, apresentando como principal ponto de interesse uma interessantíssima mouriscada, luta figurada entre mouriscos e bugios (cristãos)"
douro_litoral,Festa de São Pedro,29-06-2024,29-06-2024,Póvoa de Varzim,Póvoa de Varzim,Porto,Pedro: Cada bairro organiza as suas cascatas e as suas rusgas ou marchas: Bailes pela noite fora: Sardinhadas pelos bairros populares.
douro_litoral,Festa de São Pedro,29-06-2024,29-06-2024,Afurada,Gaia,Porto,
douro_litoral,Festa de São Pedro,29-06-2024,29-06-2024,Felgueiras,Felgueiras,Porto,Pedro: Marchas populares: Cortejo das flores.
douro_litoral,Feira do vinho e do lavrador,primeiro fim-de-semana de Julho,primeiro fim-de-semana de Julho,Castelo de Paiva,Castelo de Paiva,Aveiro,Artesanato e gastronomia: Concurso de cantares ao desafio.
douro_litoral,Festa de São Bento,11-07-2024,11-07-2024,Santo Tirso,Santo Tirso,Porto,"Bento: Ofertas populares de cravos brancos, ovos e sal."
douro_litoral,Romaria de São Bento,11-07-2024,11-07-2024,Rio Tinto,Gondomar,Porto,"das Peras e de S: Cristóvão: No último domingo, procissão pela encosta do monte acima até à capela, onde se realiza a missa campal: Cantares ao desafio no arraial."
douro_litoral,Senhora da Boa Viagem,28-07-2024,28-07-2024,Aguçadoura,Póvoa de Varzim,Porto,
douro_litoral,Festa de Nossa Senhora das Neves,05-08-2024,05-08-2024,A-Ver-o-Mar,Póvoa de Varzim,Porto,Procissão imponente.
douro_litoral,Festa de Nosso Senhor dos Navegantes,04-08-2024,04-08-2024,Vila do Conde,Vila do Conde,Porto,"Grande devoção por parte das comunidades piscatórias do concelho, sobretudo de Caxinas."
douro_litoral,Romaria da Senhora Aparecida,15-08-2024,15-08-2024,Sanfins do Torno,Lousada,Porto,
douro_litoral,Festa de Nossa Senhora da Assunção,15-08-2024,15-08-2024,Monte Córdova,Santo Tirso,Porto,Concorrida romaria à basílica erigida no alto do monte.
douro_litoral,Festa de Nossa Senhora da Assunção,15-08-2024,15-08-2024,Póvoa de Varzim,Póvoa de Varzim,Porto,"Barcos engalanados, com lenços das mulheres nos mastros."
douro_litoral,Romaria de Santa Eufémia,15-08-2024,15-08-2024,São Pedro,Castelo de Paiva,Ilha de Santa Maria,Missa de festa e procissão solene: Leilão das promessas.
douro_litoral,Festa de Nossa Senhora das Dores,18-08-2024,18-08-2024,Trofa,Trofa,Porto,Procissão com andores gigantescos.
douro_litoral,São Bartolomeu,24-08-2024,24-08-2024,Barqueiros,Mesão Frio,Braga,
douro_litoral,Feira de São Bartolomeu,24-08-2024,24-08-2024,Penafiel,Penafiel,Porto,"Bartolomeu, também conhecida por Feira das Cebolas: Na noite da véspera, abre-se a porta da igreja para “libertar o diabo”, que sai pelas ruas."
douro_litoral,São Gens,08-09-2024,08-09-2024,Freixo de Cima,Amarante,Porto,Gens: Cantares ao desafio.
douro_litoral,Senhora da Mó,08-09-2024,08-09-2024,Monte da Mó,Arouca,Aveiro,
douro_litoral,Romaria de Nossa Senhora de Valinhas,08-09-2024,08-09-2024,Monte Córdova,Santo Tirso,Porto,Missa de festa e merendas no arraial.
douro_litoral,Festa de Nossa Senhora do Ó (Senhora da Expectação),15-09-2024,15-09-2024,Porto,Porto,Porto,
douro_litoral,Feira das Colheitas,29-09-2024,29-09-2024,Arouca,Arouca,Aveiro,"Tem como propósito fomentar a produção agrícola, promovendo concursos de melhor milho, melhor vinho, gado arouquês, etc: Ranchos folclóricos: Cortejo etnográfico: Desfile de açafates ornamentados com toalhas bordadas, cheios de produtos da terra."
douro_litoral,Romaria de Nossa Senhora do Rosário,06-10-2024,06-10-2024,Gondomar,Gondomar,Porto,
douro_litoral,Festa de Nossa Senhora do Rosário,06-10-2024,06-10-2024,Duas Igrejas,Penafiel,Porto,"No sábado à noite, procissão das velas."
douro_litoral,Santo André,30-11-2024,30-11-2024,Ancede,Baião,Porto,
douro_litoral,Nossa Senhora da Conceição,08-12-2024,08-12-2024,Barqueiros,Mesão Frio,Braga,
douro_litoral,Santa Luzia,13-12-2024,13-12-2024,Novais,Póvoa de Varzim,Porto,
douro_litoral,Festa de Santa Luzia,13-12-2024,13-12-2024,Monte Córdova,Santo Tirso,Porto,Arraial popular.
alentejo,Festa de Nossa Senhora das Candeias,02-02-2024,02-02-2024,Mourão,Mourão,Évora,"a parte profana inclui corrida de touros, um dos quais, o touro de Nossa Senhora, será morto depois de lidado e servirá para a refeição comunitária que tem lugar no arraial, montado no jardim. Feriado municipal."
alentejo,actuação das “brincas”,Carnaval,Carnaval,Évora,Évora,Évora,grupos músico-teatrais que percorrem localidades ao redor: correspondentes às cègadas e às contradanças de entrudo
alentejo,entrudo,sem data,sem data,Castelo de Vide,Castelo de Vide,Portalegre,
alentejo,bênção do gado e cortejo da aleluia com campainhas e chocalhos pela ruas,30-03-2024,30-03-2024,Castelo de Vide,Castelo de Vide,Portalegre,após a missa
alentejo,Procissão de Ramos,24-03-2024,24-03-2024,Castelo de Vide,Castelo de Vide,Portalegre,
alentejo,após a missa de aleluia,30-03-2024,30-03-2024,Castelo de Vide,Castelo de Vide,Portalegre,à noite: o povo percorre as ruas tocando campainhas e chocalhos: com acompanhamento de banda filarmónica
alentejo,Romaria da Senhora de Guadalupe,31-03-2024,31-03-2024,Serpa,Serpa,Beja,procissão de S. Gens em direcção à vila. Cortejo etnográfico. 2ª feira: procissão de regresso à capela de S. Gens
alentejo,Romaria da Senhora dos Prazeres,07-04-2024,07-04-2024,Nisa,Nisa,Portalegre,
alentejo,Romaria da Senhora da Boa Nova,07-04-2024,07-04-2024,Terena,Alandroal,Évora,
alentejo,Romaria da Senhora de Aires,14-04-2024,14-04-2024,Viana do Alentejo,Viana do Alentejo,Évora,
alentejo,Festa das Cruzes,03-05-2024,03-05-2024,Aldeia Nova de S. Bento,Serpa,Beja,"Dentro de casa, na divisão que dá para a rua, é colocada a Santa Cruz e aí se reúnem as famílias rezando e entoando cânticos religiosos: Grupos corais percorrem as ruas cantando e “visitando as cruzes”."
alentejo,Festa da Santa Cruz,03-05-2024,03-05-2024,Barrada,Reguengos de Monsaraz,Évora,
alentejo,Romaria do Senhor dos Aflitos,03-05-2024,03-05-2024,Fortios,Portalegre,Portalegre,"Depois da procissão, leilão das fogaças de oferendas"
alentejo,Festas de Santo António,13-06-2024,13-06-2024,Reguengos de Monsaraz,Reguengos de Monsaraz,Évora,Procissão e arraial: Baile em redor das fogueiras.
alentejo,Festa de São João,24-06-2024,24-06-2024,Castelo de Vide,Castelo de Vide,Portalegre,João: Arraial em volta dos mastros floridos.
alentejo,Feira-festa de São João,24-06-2024,24-06-2024,Évora,Évora,Évora,
alentejo,Festas da Rainha Santa Isabel,04-07-2024,04-07-2024,Estremoz,Estremoz,Évora,
alentejo,Festa de Nossa Senhora do Rosário,04-08-2024,04-08-2024,Tróia,Grândola,Setúbal,missa na capela em honra dos pescadores e marítimos; procissão com os barcos engalanados atravessando o rio Sado desde Setúbal a Tróia;
alentejo,Senhora das Brotas,11-08-2024,11-08-2024,Brotas,Mora,Évora,
alentejo,Senhora da Neves,25-08-2024,25-08-2024,Flor da Rosa,Crato,Portalegre,
alentejo,Festas de campo Maior ou Festas do Povo,01-09-2024,01-09-2024,Campo Maior,Campo Maior,Portalegre,Ruas cobertas de flores de papel
alentejo,Romaria da Senhora da Cola,08-09-2024,08-09-2024,Ourique,Ourique,Beja,"Cantos ao baldão, acompanhados à viola campaniça"
alentejo,Senhora dos Milagres,01-09-2024,01-09-2024,Assumar,Monforte,Portalegre,
alentejo,Romaria do Senhor Jesus da Piedade,20-09-2024,20-09-2024,Elvas,Elvas,Portalegre,
alentejo,Romaria da Senhora de Aires,29-09-2024,29-09-2024,Viana do Alentejo,Viana do Alentejo,Évora,
alentejo,Festa e feira de São Pedro,01-11-2024,01-11-2024,Odemira,Odemira,Beja,
alentejo,Feira dos Santos,01-11-2024,01-11-2024,Alvito,Alvito,Beja,
alentejo,Festa de Santo André,17-11-2024,17-11-2024,Estremoz,Estremoz,Évora,
alentejo,Festa da Imaculada Conceição,08-12-2024,08-12-2024,Vila Viçosa,Vila Viçosa,Évora,
alentejo,Festa de Nossa Senhora da Conceição,08-12-2024,08-12-2024,Barrancos,Barrancos,Beja,"Na procissão, cantares em louvor de Nossa Senhora"
alentejo,Festa de Nossa Senhora da Conceição,08-12-2024,08-12-2024,Alandroal,Alandroal,Évora,
alentejo,Fogueira de Natal,24-12-2024,24-12-2024,Barrancos,Barrancos,Beja,
algarve,Procissão dos Ramos,24-03-2024,24-03-2024,Tavira,Tavira,Faro,
algarve,Festa das tochas floridas,31-03-2024,31-03-2024,Brás de Alportel,São Brás de Alportel,Faro,cortejo que percorre alegremente as ruas até à igreja matriz
algarve,Festa da Senhora da Graça ou dos Folares,2ª feira de Páscoa,2ª feira de Páscoa,Querença,Loulé,Faro,"Depois das cerimónias religiosas, há lugar ao leilão das ofertas, constituída por folares, enchidos e “ramos”, tabuleiros das ofertas ornamentados de flores"
algarve,Romaria da Senhora da Piedade ou da Mãe Soberana,14-04-2024,14-04-2024,Loulé,Loulé,Faro,"Regresso da imagem desde Loulé até ao santuário, sendo o andor transportado a correr pela ladeira acima"
algarve,Festa da Fonte Grande,01-05-2024,01-05-2024,Alte,Loulé,Faro,"Cortejo de oferendas, designado por cavalhada."
algarve,Festa da Espiga,09-05-2024,09-05-2024,Salir,Loulé,Faro,Cortejo etnográfico.
algarve,Festa de Nossa Senhora do Carmo,16-07-2024,16-07-2024,Fuzeta,Olhão,Faro,
algarve,Senhora da Rocha,04-08-2024,04-08-2024,Porches,Lagoa,Faro,
algarve,Senhora da Orada,11-08-2024,11-08-2024,Albufeira,Albufeira,Faro,
algarve,Senhora dos Mártires,15-08-2024,15-08-2024,Castro Marim,Castro Marim,Faro,
algarve,Nossa Senhora de Alva,01-09-2024,01-09-2024,Algezur,,,
algarve,Senhora dos Aflitos,08-09-2024,08-09-2024,Armação de Pera,Silves,Faro,
algarve,São Gonçalo,27-10-2024,27-10-2024,Lagos,Lagos,Faro,de Lagos
algarve,Festa de São Luís,01-11-2024,01-11-2024,Aljezur,Aljezur,Faro,Luís: Bênção de gado
algarve,Festa de São Martinho,11-11-2024,11-11-2024,Portimão,Portimão,Faro,
algarve,Festa da Senhora da Conceição,08-12-2024,08-12-2024,Monchique,Monchique,Faro,
algarve,Festas da Casa de Deus Menino,25-12-2024,25-12-2024,Brás de Alportel,São Brás de Alportel,Faro,
algarve,idem,sem data,sem data,Olhão,Olhão,Faro,
beira_alta,Festa do Menino Jesus,01-01-2024,01-01-2024,Lalim,Lamego,Viseu,
beira_alta,Festa dos Reis Magos,06-01-2024,06-01-2024,Palhaça,Oliveira de Frades,Viseu,com auto popular
beira_alta,Entrudo com mascarados (máscaras artesanais feitas localmente) e testamento,Lamego,Lamego,Lazarim,Lamego,Viseu,"Cortejo com grupos instrumentais de animação de rua, por vezes gaiteiros espanhóis: Domingo, mas sobretudo Terça-feira Gorda: Neste dia, testamento e queima da comadre e do compadre."
beira_alta,v,17-03-2024,17-03-2024,Lamego,Bairro da Ponte,Viseu,a rubrica “Engantchar” na Enciclopédia de Tradições Populares.
beira_alta,Queima do Judas,31-03-2024,31-03-2024,Lalim,Lamego,Viseu,antecedida pela leitura do testamento
beira_alta,Romaria de São Cosme,2ª feira de Páscoa,2ª feira de Páscoa,Sandomil,Seia,Guarda,"Cosme: No Domingo, bombos e pífaros pelas ruas: Na 2ª feira, romaria a caminho da capela, onde se merenda: À noitinha, regresso a Sandomil a pé, acabando na capela de S: Bento"
beira_alta,Festa religiosa da Santa Cruz,03-05-2024,03-05-2024,Meda,Meda,Guarda,Os pastores trazem os seus rebanhos e dão as três voltas rituais à capelinha
beira_alta,Feira da Santa Cruz,03-05-2024,03-05-2024,Lamego,Lamego,Viseu,"Inclui corrida de cavalos, designada por “passo-travadinho”"
beira_alta,Romaria da Santa Cruz,03-05-2024,03-05-2024,Sernancelhe,Sernancelhe,Viseu,Os pastores levam os seus rebanhos para a tradicional bênção do gado na altura da procissão
beira_alta,Romaria do Senhor do Mundo,09-05-2024,09-05-2024,Mortágua,Mortágua,Viseu,Arraial popular.
beira_alta,Festa da Senhora da Saúde,09-05-2024,09-05-2024,Pedro do Sul (Termas),,,A procissão dirige-se aos campos para a bênção dos campos e o povo apanha o raminho da espiga.
beira_alta,Festa das Cruzes ou do Abraço,Tondela,Tondela,Guardão,Caramulo,Viseu,"Cortejo de cruzes ornamentadas de flores e cobertas de jóias: As cruzes tocam-se simulando um abraço, em repetição de um lendário abraço das freguesias ao redor, para combaterem os romanos, que intentavam destruir a capela cristã: As cruzes integram a procissão, que se dirige aos campos para ser realizada a bênção dos campos."
beira_alta,Festa do Divino Espírito Santo,19-05-2024,19-05-2024,Poço do Canto,Meda,Guarda,"Da torre da igreja são lançados os “pãezinhos bentos” para o povo, que os recolhe."
beira_alta,Romaria da Senhora da Lapa,19-05-2024,19-05-2024,Quintela,Sernancelhe,Viseu,Um dos mais importantes santuários marianos: A passagem estreita do grande penedo é obrigatória para os romeiros no cumprimento das suas promessas.
beira_alta,Romaria de Santo António dos Cabaços,13-06-2024,13-06-2024,Serra dos Cabaços,Mangualde,Viseu,
beira_alta,Cavalhada de Vil de Moinhos que se dirige a Viseu e se exibe junto à capela de São João,24-06-2024,24-06-2024,Vil de Moinhos,Viseu,Viseu,"da Ribeira: Comemoração de uma vitorio no diferendo entre os moleiros da povoação sobre os agricultores de Viseu no séc: XVII: Regresso a Vil de Moinhos, nova cavalhada e arraial, com a queima do pinheiro."
beira_alta,Feira de São João,24-06-2024,24-06-2024,Guarda,Guarda,Guarda,João: Bailes populares em redor do mastro e das fogueiras de S: João.
beira_alta,Romaria da Senhora das Preces,01-07-2024,01-07-2024,Aldeia das Dez,Oliveira do Hospital,Coimbra,
beira_alta,Romaria de São Macário,25-07-2024,25-07-2024,Sul,S. Pedro do Sul,Viseu,
beira_alta,Senhora do Castelo,15-08-2024,15-08-2024,Vouzela,Vouzela,Viseu,
beira_alta,Festa de Nossa Senhora do Mileu,Guarda (arredores da cidade),Guarda (arredores da cidade),Póvoa do Mileu,Guarda,Guarda,Procissão das velas.
beira_alta,Festa de Nossa Senhora dos Milagres,15-08-2024,15-08-2024,Laceiras,Carregal do Sal,Viseu,"Missa e procissão: À tarde, feira anual."
beira_alta,Romaria de Santa Maria de Aguiar,15-08-2024,15-08-2024,Figueira de Castelo Rodrigo,Figueira de Castelo Rodrigo,Guarda,"Após a procissão, merendas pelo arraial."
beira_alta,Festa do Senhor do Calvário,11-08-2024,11-08-2024,Gouveia,Gouveia,Guarda,Festival de folclore.
beira_alta,Feira de São Mateus,08-06-2024,08-06-2024,Viseu,Viseu,Viseu,Mateus.
beira_alta,Festas de São Lourenço,11-08-2024,11-08-2024,Celorico da Beira,Celorico da Beira,Guarda,Lourenço.
beira_alta,Divino Senhor dos Aflitos,01-09-2024,01-09-2024,Vilar Maior,Sabugal,Guarda,"Jogos populares, procissão das velas no sábado: No domingo, missa e procissão."
beira_alta,Romaria da Senhora dos Remédios,08-09-2024,08-09-2024,Lamego,Lamego,Viseu,"Procissão do Triunfo: Marcha Luminosa, outrora cortejo histórico e etnográfico (pena ter perdido importância a vertente etnográfica, de tão alto interesse como mostra das tradições populares locais): Noitada na avenida com concertinas, danças e cantares ao desafio."
beira_alta,Romaria da Senhora do Castelo,08-09-2024,08-09-2024,Mangualde,Mangualde,Viseu,"Tradição de hastear uma bandeira no alto da torre, que tem mais de trinta metros de altura."
beira_alta,Feira de São Bartolomeu,24-08-2024,24-08-2024,Trancoso,Trancoso,Guarda,Bartolomeu.
beira_alta,Festa de São Martinho,11-11-2024,11-11-2024,Vila Nova de Fozcoa,Vila Nova de Fozcoa,Guarda,Martinho: Cortejo com toque de latas e caldeiros: Rusga musical.
beira_alta,São Martinho,11-11-2024,11-11-2024,Pedro do Sul (termas),,,
beira_alta,São Martinho,11-11-2024,11-11-2024,Terrenho,Trancoso,Guarda,
beira_alta,São Silvestre,31-12-2024,31-12-2024,Vasconha de Queirã,Vouzela,Viseu,
beira_baixa,Festa de São Sebastião,03-01-2024,03-01-2024,Póvoa da Atalaia,Fundão,Castelo Branco,ou Festa das Papas: Na procissão integram-se duas filas de mulheres com açafates à cabeça levando as papas de carolo.
beira_baixa,Festa de São Sebastião,20-01-2024,20-01-2024,Almaceda,Castelo Branco,Castelo Branco,
beira_baixa,Festa de São Sebastião,20-01-2024,20-01-2024,S. Jorge da Beira,Covilhã,Castelo Branco,Sebastião: Bodo oferecido pelos mordomos.
beira_baixa,Festa de São Sebastião,20-01-2024,20-01-2024,Janeiro de Baixo,Pampilhosa da Serra,Coimbra,"Sebastião, com bodo: Festa idêntica, também com bodo, noutras aldeias do concelho, como Cabril, Ponte de Fajão e Vidual."
beira_baixa,Festa de São Brás,03-02-2024,03-02-2024,Forcalhos,Sabugal,Guarda,
beira_baixa,Procissão dos Penitentes,16-03-2024,16-03-2024,Paúl,Covilhã,Castelo Branco,"Com as luzes da povoação apagadas, grupos de homens descalços envoltos em panos brancos arrastam correntes pelas ruas, em forma de suplício pessoal que os irmana aos padecimentos de Cristo a caminho do Gólgota: Entoam um cântico soturno."
beira_baixa,Quinta-Feira Santa,Semana Santa,Semana Santa,Fundão,Fundão,Castelo Branco,"procissão com teatralização dos Mistérios da Paixão nas várias capelas do trajecto. Sexta-Feira Santa: procissão do Enterro do Senhor, à luz de archotes (as luzes da cidade estão apagadas) e ao som da fanfarra dos bombeiros e das matracas"
beira_baixa,Romaria da Senhora da Serra,2ª feira de Páscoa,2ª feira de Páscoa,Castelo Novo,Fundão,Castelo Branco,
beira_baixa,Romaria de Nossa Senhora do Incenso,01-04-2024,01-04-2024,Penamacor,Penamacor,Castelo Branco,Missa seguida de procissão solene ao redor da capela: Merendas no arraial e convívio.
beira_baixa,Festa da Senhora da Consolação ou Festa do Bodo,2ª feira de Páscoa,2ª feira de Páscoa,Salvaterra do Extremo,Idanha-a-Nova,Castelo Branco,banquete com ensopado de carne para todos os presentes.
beira_baixa,Festa de Santa Catarina de Sena,01-04-2024,01-04-2024,Ladoeiro,Castelo Branco,Castelo Branco,Missa campal e procissão: Corrida de touros.
beira_baixa,Romaria de Nossa Senhora da Granja,01-04-2024,01-04-2024,Proença-a-Velha,Idanha-a-Nova,Castelo Branco,"ao longo da Quaresma acorrem muitos romeiros à ermida. Missa e procissão ao redor da ermida, seguida por refeição nos campos circundantes, e convívio com adufes, concertinas e ranchos folclóricos"
beira_baixa,Romaria de Nossa Senhora da Esperança,26-04-2024,26-04-2024,Belmonte,Belmonte,Castelo Branco,"Na véspera à noite, procissão das velas: No dia de festa, missa e procissão: Segundo a tradição, a imagem de Nossa Senhora da Esperança terá acompanhado Pedro Álvares Cabral, natural de Belmonte, na descoberta do Brasil."
beira_baixa,Romaria de Nossa Senhora do Almortão,31-03-2024,31-03-2024,Idanha-a-Nova,Idanha-a-Nova,Castelo Branco,"Os ranchos das várias aldeias, à chegada ao santuário, dão três voltas à capela e cumprimentam Nossa Senhora tocando adufes no alpendre, virados para o altar: Impressionante procissão e missa campal: Merendas pelo arraial: Ao fim da tarde, a banda filarmónica toca a conhecida melodia à Senhora do Almortão ao redor da capela, seguida de muito povo e muito entusiasmo."
beira_baixa,feriado municipal na terça-feira),31-03-2024,31-03-2024,Castelo Branco,Mogadouro,Bragança,
beira_baixa,Festa da Santa Cruz ou do Castelo,03-05-2024,03-05-2024,Monsanto,Idanha-a-Nova,Santarém,"Além das festividades religiosas, realiza-se a tradicional subida ao castelo, em cortejo popular, tocando adufe e transportando as marafonas (bonecas de trapos, usadas em dias de trovoadas para as esconjurar), cestos com flores e um pote cheio de flores que é lançado do alto das muralhas, em comemoração de um cerco lendário que terá terminado após a população sitiada ter lançado do mesmo local uma vitela com o bucho cheio de trigo, indicando ao exército inimigo que ainda tinham muitos víveres armazenados: Convívio musical na alcáçova do castelo, com o rancho folclórico local: Missa e procissão."
beira_baixa,Romaria de S. Macário,21-04-2024,21-04-2024,Alcaide,Fundão,Castelo Branco,a procissão sobe à capelinha em honra do santo protector do ouvido
beira_baixa,Festa da Senhora dos Altos Céus. Interessantes danças rituais,03-05-2024,03-05-2024,Lousa,Castelo Branco,Bragança,"dança da genebres, dança das tesouras, dança das virgens, resquícios das danças que outrora integravam as procissões religiosas, sobretudo a do Corpus Christi"
beira_baixa,Festa de Nossa Senhora dos Remédios,40 dias depois da Páscoa,40 dias depois da Páscoa,Tortosendo,Covilhã,Castelo Branco,"Na véspera, procissão das velas: No domingo, nova procissão."
beira_baixa,Romaria de Santa Apolónia,05-05-2024,05-05-2024,Alcains,Castelo Branco,Castelo Branco,"procissão desde a igreja matriz até à ermida, onde se integram mulheres levando tabuleiros  com as oferendas para a santa."
beira_baixa,Romaria da Senhora da Póvoa,19-05-2024,19-05-2024,Vale da Senhora da Póvoa,Penamacor,Castelo Branco,outrora um grande centro difusor do adufe
beira_baixa,Feira de São Tiago,07-06-2024,07-06-2024,Covilhã,Covilhã,Castelo Branco,Gastronomia
beira_baixa,Festa de São Pedro,07-07-2024,07-07-2024,Alcains,Castelo Branco,Castelo Branco,"Pedro: O aspecto mais característico desta festa é a confecção e ingestão das tradicionais papas de carolo, feitas ao ar livre em caldeiras de latão."
beira_baixa,Romaria de Nossa Senhora das Preces,07-07-2024,07-07-2024,Aldeia das Dez,Oliveira do Hospital,Coimbra,"Santuário no cimo do monte, em local d maravilha, onde, segundo a lenda, apareceu Nossa Senhora: Em redor do santuário, várias capinhas representando cenas  da via sacra, que os romeiros visitam nos dois dias da festa: Romaria muito concorrida: Missa campal."
beira_baixa,Romaria de Nossa Senhora das Dores,07-07-2024,07-07-2024,Paúl,Covilhã,Castelo Branco,"Procissão desde a igreja até ao santuário, onde é dita a missa: À tarde, cortejo alegórico."
beira_baixa,capeia raiana,08-06-2024,08-06-2024,Sabugal,várias aldeias do concelho,Guarda,forma peculiar de lidar toiros
beira_baixa,Senhora do Carmo,15-08-2024,15-08-2024,Teixoso,Covilhã,Castelo Branco,
beira_baixa,Festa de Santa Margarida,15-08-2024,15-08-2024,Aldeia de Santa Margarida,Idanha-a-Nova,Castelo Branco,"Missa e procissão com os andores da santa festejada, de S: Sebastião e de Santo António: Arruadas de bombos, garraiadas"
beira_baixa,Senhor do Calvário,18-08-2024,18-08-2024,Proença-a-Velha,Idanha-a-Nova,Castelo Branco,"procissão, fogo preso"
beira_baixa,Festa de Nossa Senhora do Loreto,25-08-2024,25-08-2024,Alcafozes,Idanha-a-Nova,Castelo Branco,"Garraiada à vara larga: Procissão das velas, missa campal."
beira_baixa,Senhora da Confiança,08-09-2024,08-09-2024,Pedrógão Pequeno,Sertã,Castelo Branco,
beira_baixa,Senhora da Azenha,08-09-2024,08-09-2024,Monsanto,Idanha-a-Nova,Santarém,
beira_baixa,Romaria de Santa Luzia,15-09-2024,15-09-2024,Castelejo,Fundão,Castelo Branco,"Na véspera, procissão de velas nocturna desde a Igreja do Castelejo até ao santuário, seguida de arraial, este animado por grupos de concertinas e de adufes: No dia da festa, o anúncio musical da alvorada tem lugar no Fundão, no largo da Câmara Municipal, com as entidades locais: Missa campal e procissão solene ao redor do arraial: Seguidamente, chegam os tractores das freguesias, cada um trazendo o seu grupo de romeiros, que irrompem pelo arraial cantando e recebendo os aplausos dos conterrâneos que os esperam junto à fonte, em delírio: Passando a fonte, chegam à capela e descem dos carros: Formam-se então os grupos de bombos que, à vez, irrompem pelo arraial: com estrondo e galhardia: O povo abre alas e aplaude, contagiado pelo frenesim percutivo: Merendas pelo arraial."
beira_baixa,Santa Eufémia,08-09-2024,08-09-2024,Quadrazais,Sabugal,Guarda,
beira_baixa,Festa de Santa Bebiana,02-12-2024,02-12-2024,Caria,Belmonte,Castelo Branco,"Cortejo pelas ruas anunciando a festa e celebrando a santa e o S: Martinho, com animação musical a cargo de acordeão e de pífaros: Sermão e eleição da mulher mais bêbeda da terra."
